[{
  "_id": {
    "$oid": "66d569d3afc8a51793d731e5"
  },
  "id": 1,
  "name": "Nguyễn Văn A",
  "email": "nguyenvana@example.com",
  "phone": "0912345678",
  "address": "123 Đường Lê Lợi, Quận 1, TP. Hồ Chí Minh",
  "created_at": "2024-08-15T08:30:00Z",
  "updated_at": "2024-08-25T10:00:00Z"
},
{
  "_id": {
    "$oid": "66d569d3afc8a51793d731e6"
  },
  "id": 2,
  "name": "Trần Thị B",
  "email": "tranthib@example.com",
  "phone": "0987654321",
  "address": "456 Đường Nguyễn Huệ, Quận 3, TP. Hồ Chí Minh",
  "created_at": "2024-08-16T09:00:00Z",
  "updated_at": "2024-08-26T11:20:00Z"
},
{
  "_id": {
    "$oid": "66d569d3afc8a51793d731e7"
  },
  "id": 3,
  "name": "Lê Văn C",
  "email": "levanc@example.com",
  "phone": "0976543210",
  "address": "789 Đường Cách Mạng Tháng 8, Quận 10, TP. Hồ Chí Minh",
  "created_at": "2024-08-17T14:15:00Z",
  "updated_at": "2024-08-27T12:30:00Z"
},
{
  "_id": {
    "$oid": "66d569d3afc8a51793d731e8"
  },
  "id": 4,
  "name": "Phạm Thị D",
  "email": "phamthid@example.com",
  "phone": "0965432109",
  "address": "321 Đường Trần Hưng Đạo, Quận 5, TP. Hồ Chí Minh",
  "created_at": "2024-08-18T16:45:00Z",
  "updated_at": "2024-08-28T13:00:00Z"
},
{
  "_id": {
    "$oid": "66d569d3afc8a51793d731e9"
  },
  "id": 5,
  "name": "Bùi Văn E",
  "email": "buivane@example.com",
  "phone": "0934567890",
  "address": "654 Đường Bạch Đằng, Quận Bình Thạnh, TP. Hồ Chí Minh",
  "created_at": "2024-08-19T08:00:00Z",
  "updated_at": "2024-08-29T09:15:00Z"
},
{
  "_id": {
    "$oid": "66ddcb8f732992723ef702e7"
  },
  "id": 7,
  "name": "Tên Khách Hàng",
  "email": "email@example.com",
  "password": "$2b$10$ZAhd7hRLtpYP0Zysr/ftEuTPzqlKA.vV.N9Qtq1X2gQMTIhjEHhN.",
  "phone": "012345678",
  "address": "Địa chỉ",
  "created_at": {
    "$date": "2024-09-08T16:06:39.271Z"
  },
  "updated_at": {
    "$date": "2024-09-08T16:06:39.271Z"
  },
  "__v": 0
}]