[{
  "_id": {
    "$oid": "66d56b60afc8a51793d731fd"
  },
  "id": 1,
  "order_id": {
    "$oid": "66d56a80afc8a51793d731f1"
  },
  "book_id": {
    "$oid": "66d57256afc8a51793d73228"
  },
  "quantity": 2,
  "price": 9.99
},
{
  "_id": {
    "$oid": "66d56b60afc8a51793d731fe"
  },
  "id": 2,
  "order_id": {
    "$oid": "66d56a80afc8a51793d731f1"
  },
  "book_id": {
    "$oid": "66d57256afc8a51793d73229"
  },
  "quantity": 1,
  "price": 11.99
},
{
  "_id": {
    "$oid": "66d56b60afc8a51793d731ff"
  },
  "id": 3,
  "order_id": {
    "$oid": "66d56a80afc8a51793d731f2"
  },
  "book_id": {
    "$oid": "66d57256afc8a51793d7322a"
  },
  "quantity": 3,
  "price": 18.99
},
{
  "_id": {
    "$oid": "66d56b60afc8a51793d73200"
  },
  "id": 4,
  "order_id": {
    "$oid": "66d56a80afc8a51793d731f2"
  },
  "book_id": {
    "$oid": "66d57256afc8a51793d7322b"
  },
  "quantity": 1,
  "price": 15.99
},
{
  "_id": {
    "$oid": "66d56b60afc8a51793d73201"
  },
  "id": 5,
  "order_id": {
    "$oid": "66d56a80afc8a51793d731f3"
  },
  "book_id": {
    "$oid": "66d57256afc8a51793d73228"
  },
  "quantity": 4,
  "price": 9.99
}]