[{
  "_id": {
    "$oid": "66d57256afc8a51793d73227"
  },
  "id": 1,
  "title": "Búp Sen Xanh (Tái Bản 2020)",
  "author": "Sơn Tùng",
  "category": "Thiếu nhi",
  "description": "Có thể xếp “Búp Sen Xanh” vào nhóm tác phẩm văn học dành cho thiếu nhi và là tác phẩm nổi tiếng nhất viết về chủ tịch Hồ Chí Minh trong suốt thời thơ ấu cho đến khi rời Việt Nam sang Pháp.\\n\\n“Búp Sen Xanh” là nơi tiểu thuyết và lịch sử đã gặp nhau và hoạ nên một giai đoạn trong cuộc đời người Cha già của dân tộc Việt Nam. Nơi ấy, có quê nhà xứ Nghệ, có làng Sen, có khung dệt của mẹ, có lời dạy của cha, có những người bạn và những kỷ niệm ấu thơ. Nơi ấy có xứ Huế mà trong cuộc sống nghèo khổ có trăn trở tuổi trẻ, về con người, về vận mệnh dân tộc, có mất mát và đau thương...\"",
  "price": 52.56,
  "stock": 100,
  "cover_image": "1728314210371-331872765.webp",
  "created_at": "2024-09-02T00:00:00Z",
  "updated_at": {
    "$date": "2024-10-07T15:16:50.379Z"
  },
  "categoryID": {
    "$oid": "66e52d1113ae0384d3444c3f"
  }
},
{
  "_id": {
    "$oid": "66d57256afc8a51793d73228"
  },
  "id": 2,
  "title": "Chuyện Con Mèo Dạy Hải Âu Bay (Tái Bản 2019)",
  "author": "Luis Sepúlveda",
  "category": "Thiếu nhi",
  "description": "Chuyện con mèo dạy hải âu bay là kiệt tác dành cho thiếu nhi của nhà văn Chi Lê nổi tiếng Luis Sepúlveda – tác giả của cuốn Lão già mê đọc truyện tình đã bán được 18 triệu bản khắp thế giới. Tác phẩm không chỉ là một câu chuyện ấm áp, trong sáng, dễ thương về loài vật mà còn chuyển tải thông điệp về trách nhiệm với môi trường, về sự sẻ chia và yêu thương cũng như ý nghĩa của những nỗ lực – “Chỉ những kẻ dám mới có thể bay”.\n“Búp Sen Xanh” là nơi tiểu thuyết và lịch sử đã gặp nhau và hoạ nên một giai đoạn trong cuộc đời người Cha già của dân tộc Việt Nam. Nơi ấy, có quê nhà xứ Nghệ, có làng Sen, có khung dệt của mẹ, có lời dạy của cha, có những người bạn và những kỷ niệm ấu thơ. Nơi ấy có xứ Huế mà trong cuộc sống nghèo khổ có trăn trở tuổi trẻ, về con người, về vận mệnh dân tộc, có mất mát và đau thương...",
  "price": 39.2,
  "stock": 100,
  "cover_image": "1728314238932-845181620.webp",
  "created_at": "2024-09-02T00:00:00Z",
  "updated_at": {
    "$date": "2024-10-07T15:17:18.936Z"
  },
  "categoryID": {
    "$oid": "66e52d1113ae0384d3444c3f"
  }
},
{
  "_id": {
    "$oid": "66d57256afc8a51793d73229"
  },
  "id": 3,
  "title": "Chú Mèo Nhiều Tên",
  "author": "Katie Harnett",
  "category": "Thiếu nhi",
  "description": "Chú mèo ở phố Ngàn Hoa có vô số cái tên, mỗi người gọi chú một kiểu. Ai cũng yêu chú cả. Nhưng có một ngôi nhà trên phố chú chưa từng ghé chân…\n\nCuốn sách tranh tuyệt vời này kể câu chuyện ngọt ngào và đáng nhớ về tình cảm láng giềng, tình bạn… mà không ai trong chúng ta quên được.",
  "price": 39.2,
  "stock": 100,
  "cover_image": "1728314472597-447946428.webp",
  "created_at": "2024-09-02T00:00:00Z",
  "updated_at": {
    "$date": "2024-10-07T15:21:12.607Z"
  },
  "categoryID": {
    "$oid": "66e52d1113ae0384d3444c3f"
  }
},
{
  "_id": {
    "$oid": "66d57256afc8a51793d7322a"
  },
  "id": 4,
  "title": "Chuyện Của Áng Mây",
  "author": "Katie Harnett",
  "category": "Thiếu nhi",
  "description": "Đám mây nhỏ cô đơn biết mấy. Giá cậu tìm được ai đó yêu thích những cơn mưa!\n\nMột ngày nọ, cậu đi ngang qua cô chủ tiệm hoa lúc nào cũng buồn rầu… Liệu họ có tìm thấy ở nhau những điều mình trông đợi?\n\nMột câu chuyện ấm lòng về những cảm xúc và tình bạn bất ngờ…",
  "price": 28.05,
  "stock": 100,
  "cover_image": "1728314507183-596565747.webp",
  "created_at": "2024-09-02T00:00:00Z",
  "updated_at": {
    "$date": "2024-10-07T15:21:47.190Z"
  },
  "categoryID": {
    "$oid": "66e52d1113ae0384d3444c3f"
  }
},
{
  "_id": {
    "$oid": "66d57256afc8a51793d7322b"
  },
  "id": 5,
  "title": "Bà Ơi, Về Với Cháu!",
  "author": "Sue Limb, Grégoire Mabire",
  "category": "Thiếu nhi",
  "description": "Cha mẹ Bessie thường xuyên bận rộn, nhưng may mắn thay… ở đây có Bà. Bà luôn dành thời gian cho Bessie.\n\nNhững cảm xúc mà \"Bà ơi, về với cháu!\" mang lại vô cùng chân thực và xúc động, khiến người đọc bồi hồi da diết nhớ lại những năm tháng thơ bé bên bà - một trong những người phụ nữ quan trọng nhất trong cuộc đời.\n\nCùng đọc \"Bà ơi, về với cháu!\" bằng tất cả lòng biết ơn và trân trọng nhé!",
  "price": 29.75,
  "stock": 100,
  "cover_image": "1728314540438-621785815.webp",
  "created_at": "2024-09-02T00:00:00Z",
  "updated_at": {
    "$date": "2024-10-07T15:22:20.445Z"
  },
  "categoryID": {
    "$oid": "66e52d1113ae0384d3444c3f"
  }
},
{
  "_id": {
    "$oid": "66d5ac5590db775ed89c8df7"
  },
  "id": 6,
  "title": "Toán 12 - Tập 1 (Chân Trời) (Chuẩn)",
  "author": "Nhiều Tác Giả",
  "category": "Giáo khoa - Tham khảo ",
  "description": "Sách biên soạn theo chương trình giáo dục phổ thông mới. Các kiến thức trong sách được chủ yếu xuất phát từ những tình huống của cuộc sống quanh ta và trở lại giúp ta giải quyết những vấn đề của cuộc sống. Vì thế, khi học Toán theo cuốn sách này, các em sẽ cảm nhận được rằng, Toán học thật là gần gũi.",
  "price": 14,
  "stock": 100,
  "cover_image": "1728314580541-478306471.webp",
  "categoryID": {
    "$oid": "66e52d1113ae0384d3444c40"
  },
  "created_at": {
    "$date": "2024-09-02T12:15:17.213Z"
  },
  "updated_at": {
    "$date": "2024-10-07T15:23:00.546Z"
  },
  "__v": 0
},
{
  "_id": {
    "$oid": "66d5ae3684632959c4685045"
  },
  "id": 7,
  "title": "Tiếng Anh 12 Friends Global - Student Book",
  "author": "Nhiều Tác Giả",
  "category": "Giáo khoa - Tham khảo ",
  "description": "Tiếng Anh 12 Friends Global - Student Book\n\nMỤC LỤC\n\nUnit I. Introduction\n\nUnit 1. Relationships\n\nUnit 2. Problems\n\nUnit 3. Customs and tradition\n\nUnit 4. Holidays and tourism\n\nUnit 5. Careers\n\nUnit 6. Health\n\nUnit 7. Media\n\nUnit 8. Change the world",
  "price": 99,
  "stock": 100,
  "cover_image": "1728314600164-920992024.webp",
  "categoryID": {
    "$oid": "66e52d1113ae0384d3444c40"
  },
  "created_at": {
    "$date": "2024-09-02T12:23:18.249Z"
  },
  "updated_at": {
    "$date": "2024-10-07T15:23:20.169Z"
  },
  "__v": 0
},
{
  "_id": {
    "$oid": "66e5335b2a019adbc7cbf5c6"
  },
  "id": 8,
  "title": "Tiếng Anh 12 Friends Global - Workbook",
  "author": "Nhiều Tác Giả",
  "category": "Giáo khoa - Tham khảo ",
  "description": "Với phương châm “Developing a global outlook – Vươn tầm thế giới”, Sách giáo khoa Tiếng Anh 12 Friends Global góp phần nâng cao chất lượng hoạt động giáo dục toàn diện về năng lực, phẩm chất, kĩ năng giúp các em phát triển và hội nhập trong thời đại mới. Nội dung các bài nghe, bài đọc hấp dẫn, phù hợp đặc điểm học sinh lớp 12 với mục tiêu phát triển năng lực ngôn ngữ và năng lực giao tiếp.\n\n",
  "price": 79,
  "stock": 100,
  "cover_image": "1728314627206-883689815.webp",
  "categoryID": {
    "$oid": "66e52d1113ae0384d3444c40"
  },
  "views": 0,
  "sales": 0,
  "created_at": {
    "$date": "2024-09-14T06:55:23.006Z"
  },
  "updated_at": {
    "$date": "2024-10-07T15:23:47.213Z"
  },
  "__v": 0
},
{
  "_id": {
    "$oid": "66e533ca526475c476d285b8"
  },
  "id": 9,
  "title": "Ngữ Văn 12 - Tập 2 (Chân Trời) (Chuẩn)",
  "author": "Nhiều Tác Giả",
  "category": "Giáo khoa - Tham khảo ",
  "description": "Với cách thể hiện phong phú và lôi cuốn, hình thức trình bày hấp dẫn và thân thiện, cuốn sách được biên soạn theo định hướng phát triển phẩm chất và năng lực học sinh. Các kiến thức trong sách sẽ đến với các em học sinh một cách tự nhiên, bắt nguồn từ thực tế đời sống và giúp các em biết cách giải quyết những vấn đề đặt ra trong cuộc sống",
  "price": 19,
  "stock": 100,
  "cover_image": "1728314651509-461275518.webp",
  "categoryID": {
    "$oid": "66e52d1113ae0384d3444c40"
  },
  "views": 0,
  "sales": 0,
  "created_at": {
    "$date": "2024-09-14T06:57:14.222Z"
  },
  "updated_at": {
    "$date": "2024-10-07T15:24:11.515Z"
  },
  "__v": 0
},
{
  "_id": {
    "$oid": "66e53413526475c476d285ba"
  },
  "id": 10,
  "title": "Tin Học 12 - Định Hướng Tin Học Ứng Dụng (Kết Nối) (Chuẩn)",
  "author": "Nhiều Tác Giả",
  "category": "Giáo khoa - Tham khảo ",
  "description": "Sách cung cấp cho các em những kiến thức chuyên sâu, bổ ích, lí thú và thiết thực, giúp các em hình thành kĩ năng thực hành, kĩ năng vận dụng kiến thức đã học, ứng dụng tin học vào giải quyết vấn đề thực tế.",
  "price": 21,
  "stock": 100,
  "cover_image": "1728314672726-733512066.webp",
  "categoryID": {
    "$oid": "66e52d1113ae0384d3444c40"
  },
  "views": 0,
  "sales": 0,
  "created_at": {
    "$date": "2024-09-14T06:58:27.798Z"
  },
  "updated_at": {
    "$date": "2024-10-07T15:24:32.732Z"
  },
  "__v": 0
},
{
  "_id": {
    "$oid": "66e534ab526475c476d285bc"
  },
  "id": 11,
  "title": "Góc Nhỏ Có Nắng",
  "author": "Little Rainbow",
  "category": "Văn học ",
  "description": "- Với 30 chủ đề tô màu phong phú đa dạng, mỗi bức tranh như là một lời thủ thỉ tâm tình gửi đến bạn\n\n- Thư giãn và chữa lành: Với những hình ảnh đẹp mắt và đơn giản, tô màu sẽ là một phương pháp hiệu quả giúp bạn chữa lành và nuôi dưỡng tâm hồn\n\n- Khám phá sự sáng tạo: Bạn đừng ngại vẽ thêm, tô thêm màu sắc để thể hiện cảm xúc của riêng mình\n\n- Chất liệu giấy dày, mịn, đẹp sẽ đem đến cho bạn trải nghiệm tô màu thú vị",
  "price": 54.4,
  "stock": 100,
  "cover_image": "1728314706073-318929387.webp",
  "categoryID": {
    "$oid": "66e52d1113ae0384d3444c41"
  },
  "views": 0,
  "sales": 0,
  "created_at": {
    "$date": "2024-09-14T07:00:59.183Z"
  },
  "updated_at": {
    "$date": "2024-10-07T15:25:06.081Z"
  },
  "__v": 0
},
{
  "_id": {
    "$oid": "66e53504526475c476d285be"
  },
  "id": 12,
  "title": "Sưởi Ấm Mặt Trời - Phần Tiếp Theo Của Cây Cam Ngọt Của Tôi",
  "author": "Joses Mauro De Vasconcelos",
  "category": "Văn học ",
  "description": "Zezé, cậu bé tinh nghịch siêu hạng đồng thời cũng đáng yêu bậc nhất ngày ngào giờ đã thoát khỏi cuộc sống nghèo khó, cũng không còn phải chịu cảnh bị đánh đập thường xuyên như trong quá khứ. Cậu đã chuyển đến Natal sống cùng gia đình cha đỡ đầu, được học ở một ngôi trường tốt, dần dần tiến bộ cả về mặt trí tuệ lẫn thể chất. Nhưng nỗi đau mất mát vẫn đè nặng lên trái tim cậu và Zezé vẫn là một cậu nhóc “ hầu như lúc nào cũng buồn”, thậm chí “có lẽ là một trong những cậu nhóc buồn nhất quả đất”.\n\n",
  "price": 124.8,
  "stock": 100,
  "cover_image": "1728314775706-745924870.webp",
  "categoryID": {
    "$oid": "66e52d1113ae0384d3444c41"
  },
  "views": 0,
  "sales": 0,
  "created_at": {
    "$date": "2024-09-14T07:02:28.896Z"
  },
  "updated_at": {
    "$date": "2024-10-07T15:26:15.722Z"
  },
  "__v": 0
},
{
  "_id": {
    "$oid": "66e5355b526475c476d285c0"
  },
  "id": 13,
  "title": "Cây Cam Ngọt Của Tôi",
  "author": "Joses Mauro De Vasconcelos",
  "category": "Văn học ",
  "description": "Hãy làm quen với Zezé, cậu bé tinh nghịch siêu hạng đồng thời cũng đáng yêu bậc nhất, với ước mơ lớn lên trở thành nhà thơ cổ thắt nơ bướm. Chẳng phải ai cũng công nhận khoản “đáng yêu” kia đâu nhé. Bởi vì, ở cái xóm ngoại ô nghèo ấy, nỗi khắc khổ bủa vây đã che mờ mắt người ta trước trái tim thiện lương cùng trí tưởng tượng tuyệt vời của cậu bé con năm tuổi.\n\n",
  "price": 84.24,
  "stock": 100,
  "cover_image": "1728314795640-28671373.webp",
  "categoryID": {
    "$oid": "66e52d1113ae0384d3444c41"
  },
  "views": 0,
  "sales": 0,
  "created_at": {
    "$date": "2024-09-14T07:03:55.350Z"
  },
  "updated_at": {
    "$date": "2024-10-07T15:26:35.646Z"
  },
  "__v": 0
},
{
  "_id": {
    "$oid": "66e535b0526475c476d285c2"
  },
  "id": 14,
  "title": "Nhà Giả Kim (Tái Bản 2020)",
  "author": "Paulo Coelho",
  "category": "Văn học ",
  "description": "Tiểu thuyết Nhà giả kim của Paulo Coelho như một câu chuyện cổ tích giản dị, nhân ái, giàu chất thơ, thấm đẫm những minh triết huyền bí của phương Đông. Trong lần xuất bản đầu tiên tại Brazil vào năm 1988, sách chỉ bán được 900 bản. Nhưng, với số phận đặc biệt của cuốn sách dành cho toàn nhân loại, vượt ra ngoài biên giới quốc gia, Nhà giả kim đã làm rung động hàng triệu tâm hồn, trở thành một trong những cuốn sách bán chạy nhất mọi thời đại, và có thể làm thay đổi cuộc đời người đọc.\n\n",
  "price": 61.62,
  "stock": 100,
  "cover_image": "1728314817227-762829361.webp",
  "categoryID": {
    "$oid": "66e52d1113ae0384d3444c41"
  },
  "views": 0,
  "sales": 0,
  "created_at": {
    "$date": "2024-09-14T07:05:20.142Z"
  },
  "updated_at": {
    "$date": "2024-10-07T15:26:57.234Z"
  },
  "__v": 0
},
{
  "_id": {
    "$oid": "66e5360d526475c476d285c4"
  },
  "id": 15,
  "title": "25 Độ Âm",
  "author": "Thảo Trang",
  "category": "Văn học",
  "description": "Di cư và nhập cảnh trái phép luôn là vấn đề nhức nhối của nhân loại trong hàng thập kỉ tồn tại và phát triển. Mặc dù các quốc gia đã đưa ra rất nhiều lời cảnh tỉnh và siết chặt an ninh cùng nhiều hình thức trừng phạt mạnh tay, nhưng vấn nạn này chưa bao giờ được giải quyết triệt để, thậm chí thủ đoạn của bọn tội phạm vượt biên còn ngày càng tinh vi và ngoan cố hơn. Chúng ta hẳn không thể nào quên được sự kiện kinh hoàng, gây rúng động toàn thế giới cách đây 5 năm: 1h20ph sáng ngày 23/10/2019, cảnh sát Anh quốc đã phát hiện ra thi thể của 39 người Việt tử vong trong một chiếc xe container đông lạnh. Họ đều là những con người tham gia vào chuyến hành trình vượt biên trái phép và bỏ mạng ngay trước giây phút tưởng chừng đã đặt chân được đến miền đất hứa.",
  "price": 123.24,
  "stock": 100,
  "cover_image": "1728314839131-814488182.webp",
  "categoryID": {
    "$oid": "66e52d1113ae0384d3444c41"
  },
  "views": 0,
  "sales": 0,
  "created_at": {
    "$date": "2024-09-14T07:06:53.371Z"
  },
  "updated_at": {
    "$date": "2024-10-07T15:27:19.136Z"
  },
  "__v": 0
},
{
  "_id": {
    "$oid": "66e536ac526475c476d285c7"
  },
  "id": 16,
  "title": "Tư Duy Ngược",
  "author": "Nguyễn Anh Dũng",
  "category": "Tâm lý - Kỹ năng sống",
  "description": "Chúng ta thực sự có hạnh phúc không? Chúng ta có đang sống cuộc đời mình không? Chúng ta có dám dũng cảm chiến thắng mọi khuôn mẫu, định kiến, đi ngược đám đông để khẳng định bản sắc riêng của mình không?. Có bao giờ bạn tự hỏi như thế, rồi có câu trả lời cho chính mình?\n\n",
  "price": 69.5,
  "stock": 100,
  "cover_image": "1728314867458-818231316.webp",
  "categoryID": {
    "$oid": "66e52d1113ae0384d3444c42"
  },
  "views": 0,
  "sales": 0,
  "created_at": {
    "$date": "2024-09-14T07:09:32.615Z"
  },
  "updated_at": {
    "$date": "2024-10-07T15:27:47.465Z"
  },
  "__v": 0
},
{
  "_id": {
    "$oid": "66e536ed526475c476d285c9"
  },
  "id": 17,
  "title": "Tư Duy Mở",
  "author": "Nguyễn Anh Dũng",
  "category": "Tâm lý - Kỹ năng sống",
  "description": "Con người đang sống trong thời đại công nghệ, khi mọi thứ thay đổi chóng mặt, điều đó đòi hỏi chúng ta phải linh hoạt trong cách tư duy để bắt kịp xu hướng toàn cầu. Hay nói cách khác, chúng ta cần có một tư duy mở để đón nhận và khai phá kiến thức mới, bởi nếu chúng ta cứ khăng khăng giữ định kiến của mình thì sự phát triển sẽ đi vào ngõ cụt.\n\n",
  "price": 69,
  "stock": 100,
  "cover_image": "1728314886169-545471971.webp",
  "categoryID": {
    "$oid": "66e52d1113ae0384d3444c42"
  },
  "views": 0,
  "sales": 0,
  "created_at": {
    "$date": "2024-09-14T07:10:37.002Z"
  },
  "updated_at": {
    "$date": "2024-10-07T15:28:06.174Z"
  },
  "__v": 0
},
{
  "_id": {
    "$oid": "66e53749526475c476d285cb"
  },
  "id": 18,
  "title": "Khéo Ăn Nói Sẽ Có Được Thiên Hạ (Tái Bản 2022)",
  "author": "Trác Nhã",
  "category": "Tâm lý - Kỹ năng sống",
  "description": "Trong xã hội thông tin hiện đại, sự im lặng không còn là vàng nữa, nếu không biết cách giao tiếp thì dù là vàng cũng sẽ bị chôn vùi. Trong cuộc đời một con người, từ xin việc đến thăng tiến, từ tình yêu đến hôn nhân, từ tiếp thị cho đến đàm phán, từ xã giao đến làm việc… không thể không cần đến kĩ năng và khả năng giao tiếp. Khéo ăn khéo nói thì đi đâu, làm gì cũng gặp thuận lợi. Không khéo ăn nói, bốn bề đều là trở ngại khó khăn.\n\n\n",
  "price": 84.5,
  "stock": 100,
  "cover_image": "1728314906998-265918746.webp",
  "categoryID": {
    "$oid": "66e52d1113ae0384d3444c42"
  },
  "views": 0,
  "sales": 0,
  "created_at": {
    "$date": "2024-09-14T07:12:09.608Z"
  },
  "updated_at": {
    "$date": "2024-10-07T15:28:27.003Z"
  },
  "__v": 0
},
{
  "_id": {
    "$oid": "66e537a9526475c476d285cd"
  },
  "id": 19,
  "title": "Sức Mạnh Tiềm Thức (Tái Bản 2021)",
  "author": "Joseph Murphyc",
  "category": "Tâm lý - Kỹ năng sống",
  "description": "Là một trong những quyển sách về nghệ thuật sống nhận được nhiều lời ngợi khen và bán chạy nhất mọi thời đại, Sức Mạnh Tiềm Thức đã giúp hàng triệu độc giả trên thế giới đạt được những mục tiêu quan trọng trong đời chỉ bằng một cách đơn giản là thay đổi tư duy.",
  "price": 89.6,
  "stock": 100,
  "cover_image": "1728314928908-13044095.webp",
  "categoryID": {
    "$oid": "66e52d1113ae0384d3444c42"
  },
  "views": 0,
  "sales": 0,
  "created_at": {
    "$date": "2024-09-14T07:13:45.544Z"
  },
  "updated_at": {
    "$date": "2024-10-07T15:28:48.913Z"
  },
  "__v": 0
},
{
  "_id": {
    "$oid": "66e5382a526475c476d285cf"
  },
  "id": 20,
  "title": "38 Bức Thư Rockefeller Viết Cho Con Trai",
  "author": "Thanh Hương",
  "category": "Tâm lý - Kỹ năng sống",
  "description": "NGƯỜI SỐNG TRÊN ĐỜI, NHƯ THẾ NÀO LÀ THIỆN, LẠI NHƯ THẾ NÀO LÀ ÁC? THẾ NÀO LÀ SỰ THIÊN LỆCH, MÀ THẾ NÀO MỚI LÀ CHÍNH ĐÍNH?\nCó người khởi tâm ác mà thực ra lại là làm việc thiện. Nhưng nhà kia giàu có lắm, gặp năm mất mùa, dân cùng cực phải cướp thóc lúa ở chợ ngay giữa ban ngày. Người kia báo với tri huyện, nhưng tri huyện không xử lý việc ấy.",
  "price": 69,
  "stock": 100,
  "cover_image": "1728315007187-118628744.webp",
  "categoryID": {
    "$oid": "66e52d1113ae0384d3444c42"
  },
  "views": 0,
  "sales": 0,
  "created_at": {
    "$date": "2024-09-14T07:15:54.072Z"
  },
  "updated_at": {
    "$date": "2024-10-07T15:30:07.192Z"
  },
  "__v": 0
},
{
  "_id": {
    "$oid": "66ef5d2eaf9af43bb23ed4ae"
  },
  "id": 21,
  "title": "Những Chuyện Lạ Ở Tokyo\n",
  "author": "Haruki Murakami",
  "category": "Văn học",
  "description": "Thất lạc người thân, sinh ly tử biệt, lãng quên tên họ... Những con người đột nhiên đánh mất điều quý giá rồi sa chân vào một góc đô thị - một thế giới tràn đầy sự trùng hợp và bất ngờ. Lữ khách tình cờ đưa ta lần theo ánh sáng nhạt mờ trong trái tim người chỉnh đàn cô độc, Vịnh Hanalei họa nên cuộc sống của một người mẹ có đứa con trai bỏ mạng nơi biển cả xứ xa... Ở thế giới mà ta đã quen, có những điểm mù xuất hiện trong khoảnh khắc, số phận bí ẩn của những người mất hút vào những điểm mù ấy được thuật lại trong năm câu chuyện này.",
  "price": 88,
  "stock": 100,
  "cover_image": "1728315035418-259201318.webp",
  "categoryID": {
    "$oid": "66e52d1113ae0384d3444c41"
  },
  "views": 0,
  "sales": 0,
  "created_at": {
    "$date": "2024-09-21T23:56:30.354Z"
  },
  "updated_at": {
    "$date": "2024-10-07T15:30:35.424Z"
  },
  "__v": 0
},
{
  "_id": {
    "$oid": "66ef843b1b051c0fe567b157"
  },
  "id": 22,
  "title": "Những Chuyện Lạ Ở Tokyo\n",
  "author": "Haruki Murakami",
  "category": "Văn học",
  "description": "Thất lạc người thân, sinh ly tử biệt, lãng quên tên họ... Những con người đột nhiên đánh mất điều quý giá rồi sa chân vào một góc đô thị - một thế giới tràn đầy sự trùng hợp và bất ngờ. Lữ khách tình cờ đưa ta lần theo ánh sáng nhạt mờ trong trái tim người chỉnh đàn cô độc, Vịnh Hanalei họa nên cuộc sống của một người mẹ có đứa con trai bỏ mạng nơi biển cả xứ xa... Ở thế giới mà ta đã quen, có những điểm mù xuất hiện trong khoảnh khắc, số phận bí ẩn của những người mất hút vào những điểm mù ấy được thuật lại trong năm câu chuyện này.",
  "price": 88,
  "stock": 100,
  "cover_image": "1726972987811-43036230.webp",
  "categoryID": {
    "$oid": "66e52d1113ae0384d3444c41"
  },
  "views": 0,
  "sales": 0,
  "created_at": {
    "$date": "2024-09-22T02:43:07.827Z"
  },
  "updated_at": {
    "$date": "2024-09-22T02:43:07.827Z"
  },
  "__v": 0
}]